Major, Early Career Pay, Mid-Career Pay, High Meaning
Petroleum Engineering,93200.0,187300.0,67%
Operations Research & Industrial Engineering,84800.0,170400.0,28%
Electrical Engineering & Computer Science (EECS),108500.0,159300.0,46%
Interaction Design,68300.0,155800.0,55%
Public Accounting,59800.0,147700.0,47%
Operations Research,83500.0,147400.0,54%
Applied Economics and Management,66100.0,146400.0,67%
Business Computing (BC),73000.0,143600.0,-
Actuarial Mathematics,64300.0,143400.0,51%
Electrical Power Engineering,76100.0,142600.0,68%
Information & Computer Science,58600.0,140900.0,62%
Aeronautics & Astronautics,77600.0,139600.0,56%
Systems Engineering,77700.0,139200.0,53%
Econometrics,64200.0,139000.0,35%
Pharmacy,68600.0,138700.0,78%
Aerospace Studies,55800.0,136600.0,-
Building Science,53800.0,135900.0,53%
Chemical Engineering,76900.0,135900.0,55%
Cognitive Science,68700.0,135200.0,42%
Actuarial Science,67700.0,134400.0,43%
Political Economy,65100.0,133500.0,29%
Computer Systems Engineering,79000.0,133200.0,51%
Electrical & Computer Engineering (ECE),78100.0,131600.0,49%
Computer Science (CS) & Engineering,79400.0,131300.0,44%
Marine Engineering,79900.0,131300.0,60%
Aeronautical Engineering,74700.0,131100.0,66%
Computer Engineering (CE),79000.0,131000.0,46%
Naval Architecture & Marine Engineering,74400.0,130700.0,49%
Entrepreneurship & Marketing,51400.0,129800.0,45%
Corporate Accounting & Finance,65200.0,129700.0,55%
Mechatronics,72800.0,129600.0,48%
Nuclear Engineering,76400.0,129400.0,62%
Electrical Engineering (EE),75600.0,127700.0,54%
Foreign Affairs,54800.0,127700.0,36%
Marine Transportation Management,71100.0,127500.0,-
Mechanical & Aeronautical Engineering,70900.0,126900.0,60%
Welding Engineering,81000.0,126600.0,56%
Instrumentation & Control Engineering,73100.0,126400.0,-
Computational & Applied Mathematics,75500.0,126000.0,45%
Electrical & Electronics Engineering (EEE),74700.0,125800.0,56%
Aerospace Engineering,74300.0,125700.0,55%
Astronomy,66600.0,125400.0,47%
Optical Science & Engineering,71000.0,125400.0,-
Quantitative Business Analysis,74000.0,125400.0,37%
Computer Science (CS) & Mathematics,70500.0,125100.0,43%
Industrial & Systems Engineering,73100.0,124800.0,48%
Economics and Mathematics,68200.0,124100.0,35%
Biomedical Engineering (BME),71300.0,123600.0,72%
Managerial Economics,65200.0,123600.0,41%
Computer Science (CS),75100.0,123400.0,42%
Physics & Astronomy,56500.0,123400.0,36%
Petroleum Land Management,59300.0,123100.0,-
Bioscience,49200.0,123100.0,-
Electronics & Communications Engineering,67400.0,122900.0,51%
Control Engineering,69700.0,122800.0,61%
Pharmacology,57700.0,122700.0,-
Business Analysis,63200.0,122300.0,46%
Aeronautical Science & Engineering,56000.0,122200.0,50%
Metallurgical Engineering,81800.0,122200.0,61%
Engineering Science,67900.0,122100.0,45%
Applied Mathematics,68300.0,122000.0,40%
Chemical & Biomolecular Engineering,76800.0,121900.0,48%
Materials Science,67100.0,121800.0,-
Engineering,69900.0,121700.0,59%
Ocean Engineering (OE),69400.0,121400.0,51%
Bioengineering (BioE),70900.0,121300.0,67%
Aeronautical/Aerospace Engineering Technology,76900.0,121200.0,53%
Integrated Science & Technology,65200.0,121100.0,56%
Operations Management & Information Systems,66100.0,120900.0,38%
Software Engineering,75000.0,120000.0,43%
Physics,65900.0,119700.0,48%
Quantitative Economics,65000.0,119600.0,43%
Computer & Information Science,63600.0,119500.0,55%
Geophysics,58000.0,119000.0,47%
Accounting & Economics,65900.0,118900.0,44%
Physician Assistant Studies,95900.0,118500.0,84%
Mining Engineering,78800.0,118300.0,64%
Construction Engineering Management,68800.0,118200.0,57%
Mechanical Engineering (ME),71000.0,117600.0,50%
Materials Science & Engineering,72700.0,117500.0,47%
Engineering Mechanics,75500.0,117400.0,-
Industrial Engineering (IE),71900.0,117400.0,44%
International Business & Finance,61400.0,117400.0,31%
Accounting & Computer Systems,63000.0,117300.0,37%
Business & Information Technology (IT),60100.0,116900.0,44%
Applied Physics,67300.0,116500.0,52%
International Economics,58700.0,116300.0,48%
Business & Economics,59600.0,116200.0,46%
Ceramic Engineering,69200.0,115700.0,-
Economics,62000.0,115700.0,41%
Pharmaceutical Sciences (PS),52800.0,115700.0,69%
Telecommunications Engineering,66400.0,115400.0,47%
Information & Decision Sciences,65200.0,115200.0,33%
Materials Engineering,72300.0,115200.0,58%
Paper Science,77000.0,115200.0,39%
Asian Studies,47700.0,115100.0,41%
Structural Engineering (SE),67800.0,115100.0,66%
Industrial Distribution,63600.0,115000.0,48%
Management Information Systems (MIS),65000.0,114100.0,42%
Electronics Engineering,69600.0,113900.0,66%
Finance & Economics,62600.0,113900.0,42%
Medical Science,52000.0,113800.0,-
Japanese Studies,51500.0,113800.0,21%
Automotive Engineering,67300.0,113800.0,48%
Information Management,64300.0,112800.0,38%
Management Science,64600.0,112700.0,43%
Mechanical,70200.0,112700.0,54%
Construction Engineering,67300.0,112500.0,59%
Finance & Investments,64100.0,112400.0,44%
Mathematics & Statistics,63100.0,112400.0,43%
Information Systems Management,59200.0,112300.0,49%
Construction Project Management,61100.0,112200.0,58%
Engineering Management,69000.0,112200.0,57%
Packaging Science,70000.0,112200.0,35%
Industrial Engineering & Management,68300.0,112000.0,55%
Engineering Physics,70500.0,111800.0,50%
Energy Management,72300.0,111700.0,71%
Aeronautical Science,57700.0,111600.0,57%
Government,55100.0,111200.0,47%
Software Applications & Programming,59300.0,110800.0,45%
Astrophysics,69300.0,110700.0,64%
Bioenvironmental Science,47700.0,110500.0,-
Japanese Language,53300.0,110300.0,42%
Business Economics,58400.0,110200.0,43%
Finance & Real Estate,63000.0,110200.0,44%
Manufacturing Engineering,69300.0,110000.0,47%
Atmospheric Science,48700.0,109900.0,55%
Cybersecurity,65600.0,109800.0,55%
Information Security & Assurance,61400.0,109300.0,47%
Medicine,60600.0,109200.0,92%
Civil Engineering (CE),65000.0,109000.0,65%
Environmental Health & Safety Management,61100.0,108800.0,61%
Mathematics,63500.0,108700.0,45%
Applied Economics,61400.0,108600.0,38%
Construction Science,67400.0,108500.0,63%
Political Communication,48800.0,108500.0,55%
Marketing & International Business,52500.0,108400.0,34%
Software Development,65500.0,108400.0,45%
Biochemistry & Molecular Biology,53900.0,108100.0,71%
Computing,63500.0,108000.0,53%
Construction Management,63200.0,108000.0,58%
Accounting & Taxation,55600.0,107800.0,41%
Building Construction (BC),67200.0,107800.0,52%
International & Comparative Politics,45700.0,107800.0,53%
Civil & Environmental Engineering,65300.0,107500.0,67%
Business Information Systems,65000.0,107400.0,43%
Financial Economics,63300.0,107200.0,41%
Sales & Business Marketing,55900.0,107200.0,51%
Plastics Engineering,68400.0,107100.0,58%
Information Technology Management,63400.0,107000.0,48%
Polymer Science & Engineering,74500.0,106900.0,-
Informatics,70300.0,106800.0,42%
Computer Management Information Systems (CMIS),55700.0,106600.0,47%
Information Systems (IS),63900.0,106600.0,44%
Agricultural Economics,55600.0,106300.0,58%
Data Processing,65600.0,106200.0,45%
European Studies,47500.0,106100.0,46%
Biosystems Engineering,64700.0,106000.0,74%
Nuclear Engineering Technology (NET),83500.0,106000.0,62%
Economics & Political Science,57100.0,105700.0,47%
Global & International Studies,50000.0,105700.0,46%
Organic Chemistry,44500.0,105600.0,-
Industrial Hygiene,58600.0,105500.0,55%
Safety Science,62400.0,105500.0,-
Commerce,66800.0,105400.0,40%
Rhetoric,51600.0,105400.0,44%
Business Computer Information Systems (BCIS),64000.0,105300.0,40%
Finance,60200.0,105200.0,42%
Plastics Engineering Technology,66900.0,105100.0,28%
Molecular Biology,54100.0,105000.0,67%
Environmental Engineering,62600.0,104800.0,62%
International Management,54100.0,104800.0,51%
Computer Information Systems,59400.0,104700.0,42%
Corporate Finance,63600.0,104300.0,43%
Genetics,52200.0,104100.0,72%
International Business,55300.0,104100.0,39%
Agricultural Engineering (AE),63100.0,104000.0,63%
Consumer Economics,53700.0,103800.0,40%
Finance & Marketing,56800.0,103700.0,46%
Computer Information Systems (CIS),60500.0,103500.0,47%
Business Finance,57200.0,103300.0,42%
Psychobiology,49600.0,103100.0,65%
Strategic Management,66200.0,103100.0,47%
Construction Trades,61900.0,103100.0,48%
Operations Management (OM),61500.0,103000.0,45%
Entrepreneurship & Leadership,57100.0,102900.0,43%
Electrical Engineering Technology (EET),66300.0,102800.0,47%
Computer Science & Information Technology,66000.0,102700.0,50%
Food Marketing,56300.0,102700.0,24%
International Marketing,59000.0,102600.0,22%
Network Engineering,60700.0,102600.0,55%
Building Construction Management,61300.0,102400.0,63%
Engineering Technology (ET),58400.0,102300.0,47%
International Relations,52800.0,102200.0,49%
Management & Finance,56800.0,102200.0,59%
Information Security,66400.0,102200.0,48%
Business Operations,63500.0,102100.0,-
Industrial Management,57800.0,102000.0,53%
Architectural Engineering,65000.0,101900.0,58%
Hotel Administration,64900.0,101900.0,35%
Manufacturing,57600.0,101500.0,48%
Agricultural Economics & Business,54900.0,101400.0,56%
Web Development,56400.0,101300.0,46%
Aviation,54000.0,101200.0,48%
Telecommunications Management,55000.0,101200.0,42%
Property Management,55200.0,101000.0,47%
Comparative Literature,48100.0,100900.0,46%
Construction Science & Management,64700.0,100800.0,71%
Biotechnology,53100.0,100700.0,59%
Industrial & Labor Relations,69800.0,100600.0,44%
Real Estate,59900.0,100600.0,36%
Mechanical Engineering Technology (MET),64200.0,100400.0,48%
Labor Relations,53000.0,100300.0,41%
Electronics,57500.0,100200.0,63%
Biochemistry (BCH),50400.0,99900.0,62%
Politics,53000.0,99900.0,51%
Accounting & Auditing,57800.0,99800.0,45%
Chinese Language,54200.0,99600.0,43%
Information Science (IS),66300.0,99500.0,36%
East Asian Studies,49800.0,99400.0,42%
Accounting & Finance,59200.0,99300.0,45%
Network Security,62300.0,99300.0,50%
Information Technology (IT),59100.0,99200.0,46%
Aviation Management,50900.0,99100.0,58%
Occupational Health and Safety,59900.0,99100.0,69%
Agribusiness,50700.0,98900.0,53%
Business & Marketing,51000.0,98900.0,45%
Computer Engineering Technology (CET),63000.0,98900.0,47%
Computer Security,68100.0,98700.0,43%
Operations & Supply Chain Management,61300.0,98600.0,45%
Entomology,45900.0,98500.0,-
Music Production & Engineering,43100.0,98400.0,43%
Industrial Engineering Technology,67200.0,98400.0,53%
Logistics & Supply Chain Management,59000.0,98300.0,47%
Supply Chain Management,61700.0,98300.0,41%
Accounts,59800.0,98300.0,44%
Economics & Management,54400.0,98200.0,-
Environmental Policy Analysis & Planning,51000.0,98200.0,65%
Physical Therapy,55500.0,98200.0,88%
European History,52300.0,98000.0,47%
Robotics & Automation,66100.0,98000.0,63%
Geological Engineering,61700.0,97900.0,54%
Manufacturing Technology,59900.0,97900.0,46%
Chemistry,51600.0,97500.0,55%
Business Logistics & Transportation,56400.0,97400.0,44%
Food Science & Technology,53100.0,97300.0,49%
City & Regional Planning,51800.0,97200.0,70%
Civil Engineering Technology (CET),58300.0,97200.0,60%
Electronics Engineering Technology (EET),64300.0,97100.0,50%
English & Psychology,42600.0,97100.0,-
Finance & Banking,55300.0,97100.0,47%
Mechanical Design,60900.0,97100.0,45%
Applied Technology,55500.0,97000.0,62%
Marketing & Management,50000.0,96900.0,45%
Technical & Scientific Communication,50700.0,96800.0,37%
Financial Planning,54000.0,96600.0,63%
Organizational Behavior,57000.0,96600.0,51%
Marketing,51700.0,96600.0,40%
Dairy Science,51200.0,96200.0,68%
Project Management,56800.0,96200.0,58%
Government & International Politics (GVIP),51300.0,96100.0,49%
Latin American Studies,46700.0,96100.0,62%
Industrial Design (ID),55100.0,95900.0,41%
Web Design & Development,53100.0,95900.0,44%
Computing & Information Systems (CIS),58100.0,95800.0,40%
Electromechanical Engineering,70500.0,95800.0,55%
Industrial Technology (IT),62200.0,95800.0,50%
Information Technology (IT) & Systems,61100.0,95800.0,47%
Biopsychology,53300.0,95700.0,74%
Government & Politics,52400.0,95700.0,51%
Microbiology & Immunology,54900.0,95400.0,68%
Chemistry & Environmental Science,48200.0,95400.0,-
Interactive Media Design,54000.0,95300.0,38%
Risk Management,58500.0,95300.0,42%
Cell Biology,50100.0,95200.0,59%
Aeronautics,62800.0,95100.0,64%
Welding Engineering Technology,74700.0,95000.0,42%
Finance & Management Information Systems,63900.0,94800.0,-
Computer Science (CS) & Business,81100.0,94600.0,28%
Environmental Science & Policy,49500.0,94500.0,59%
Marketing & Communications,49600.0,94500.0,45%
Safety Management,60100.0,94500.0,70%
Business Technology Management,57400.0,94400.0,42%
Computer Networking Systems,55600.0,94400.0,49%
Biomedical Sciences,43600.0,94300.0,70%
Philosophy,52600.0,94300.0,41%
Sales & Marketing,52700.0,94300.0,48%
Manufacturing Engineering Technology,66000.0,94300.0,49%
Environmental Health & Safety,57600.0,94200.0,68%
Organizational Psychology,51200.0,94100.0,50%
Industrial Psychology,50000.0,94000.0,50%
Political Science,50700.0,94000.0,47%
Real Estate Development,57100.0,94000.0,-
Social Ecology,49000.0,93700.0,-
Risk Management & Insurance,59500.0,93600.0,46%
Radiation Therapy,68400.0,93400.0,90%
French Literature,46400.0,93300.0,50%
Occupational Therapy (OT),54100.0,93300.0,88%
Advertising,47200.0,93200.0,32%
Accounting,54800.0,93100.0,42%
Geology,50400.0,93000.0,54%
Strategic Communication,47100.0,93000.0,42%
Transportation & Logistics Management,57600.0,93000.0,48%
Financial Accounting,56100.0,92900.0,51%
Cell & Molecular Biology,51900.0,92800.0,68%
Industrial Safety,55200.0,92800.0,78%
Insurance,56000.0,92800.0,43%
Manufacturing Management,64000.0,92800.0,49%
Networks & Telecommunications,54300.0,92800.0,56%
Labor Studies,46600.0,92600.0,49%
Digital Media Design,46700.0,92600.0,31%
Advertising & Marketing Communications,48300.0,92600.0,36%
Cinema Studies,47900.0,92500.0,33%
Electronic & Computer Technology,63800.0,92500.0,58%
Marketing Communication,45700.0,92500.0,39%
Construction Technology,59100.0,92400.0,-
Architecture,51000.0,92300.0,53%
Applied Statistics,65900.0,92200.0,47%
Biological Sciences,49300.0,92100.0,66%
Food Science,52500.0,92100.0,51%
Urban & Regional Planning,51800.0,92100.0,60%
Marketing Management,51300.0,92000.0,42%
Computer & Network Administration,56800.0,91900.0,47%
Applied Computer Science,66100.0,91800.0,44%
Sales,61500.0,91600.0,44%
Environmental Design,47700.0,91400.0,55%
Hotel Management,49100.0,91400.0,44%
Advertising Design,52700.0,91300.0,28%
Digital Arts,45600.0,91300.0,35%
Financial Management,54300.0,91300.0,54%
Electronic Systems Technology (EST),81000.0,91200.0,-
Italian Language,51400.0,91100.0,43%
German Studies,50000.0,91000.0,42%
Quality Management,57400.0,90800.0,60%
Microbiology,48400.0,90300.0,68%
Entrepreneurship,54800.0,90300.0,47%
Interactive Media,52700.0,90200.0,35%
Global Business Management,55900.0,90200.0,52%
Network Systems Administration,57900.0,90200.0,50%
Police Science,55400.0,90200.0,-
Hydrology,48700.0,90100.0,-
Business Data Analysis,64700.0,90000.0,36%
Database Management,65900.0,90000.0,-
Spanish Literature,51100.0,90000.0,50%
Business Technology,52800.0,89900.0,42%
Business Management & Marketing,48900.0,89800.0,48%
Technical Management,64400.0,89700.0,62%
Human Biology,51100.0,89600.0,70%
Meteorology,46200.0,89500.0,57%
Computer Graphics Technology (CGT),49000.0,89200.0,40%
Urban Planning,50500.0,89200.0,53%
Aviation Technology,58100.0,89100.0,49%
Environmental Health,50000.0,89100.0,65%
Agricultural Science,48900.0,88900.0,59%
Agronomy,50200.0,88900.0,65%
International Studies,50000.0,88900.0,51%
Design,52800.0,88800.0,40%
Applied Science,46400.0,88700.0,-
Architectural Engineering Technology,52200.0,88700.0,59%
German Language,50700.0,88700.0,41%
Technology,56200.0,88600.0,64%
Advertising & Promotion,46100.0,88500.0,46%
Pre-law,46800.0,88400.0,45%
Digital Media,47300.0,88200.0,38%
Biological Anthropology,46200.0,88100.0,49%
Personal Financial Planning,53800.0,88100.0,60%
Professional Pilot Education,63700.0,88000.0,-
Textile Technology,54000.0,88000.0,42%
Web & Digital Media Development,52300.0,88000.0,33%
Entrepreneurial Studies,48700.0,87900.0,37%
Fashion Design,47500.0,87700.0,27%
Retailing,51300.0,87600.0,35%
Business Communication,50900.0,87300.0,47%
Environmental Science,49100.0,87300.0,59%
Product Design Engineering,65500.0,87200.0,35%
English Literature,47700.0,87000.0,45%
Logistics,57600.0,87000.0,41%
Math & Science,55600.0,86900.0,66%
International Trade & Business,54800.0,86800.0,27%
Pre-Medicine,50800.0,86800.0,67%
Speech & Drama,37500.0,86800.0,-
Toxicology,44600.0,86800.0,-
Advertising & Marketing,49000.0,86700.0,38%
Geographic Information Systems (GIS) & Spatial Analysis,54000.0,86700.0,57%
Marketing & Mass Communications,45400.0,86700.0,41%
Welding Technology,48400.0,86700.0,-
General Business,50200.0,86600.0,51%
Construction Engineering Technology,55800.0,86400.0,53%
Architectural Studies,45400.0,86400.0,42%
Aviation Maintenance Technology,51000.0,86300.0,60%
Communication Studies & Journalism,44800.0,86200.0,47%
Management,51600.0,86200.0,48%
General Science,49100.0,86100.0,60%
Magazine Journalism,46800.0,86100.0,32%
Electronics & Computer Technology,55600.0,86000.0,-
Theatre & Drama Studies,44800.0,86000.0,49%
Animation,45000.0,85900.0,35%
Biology & Chemistry,49200.0,85900.0,66%
Diagnostic Medical Ultrasound,67700.0,85900.0,67%
History & Politics,49500.0,85900.0,51%
Public Affairs,52700.0,85900.0,50%
Romance Languages,53000.0,85900.0,53%
Physiology,49300.0,85900.0,63%
Corporate Communications,48500.0,85700.0,42%
International Affairs,51600.0,85700.0,52%
Nursing Science,66800.0,85700.0,84%
Organizational Development,53800.0,85700.0,54%
Textile & Apparel Studies,47100.0,85700.0,30%
Business Administration,52800.0,85600.0,50%
Business Administration & Accounting,52400.0,85600.0,55%
Philosophy & Religion,43800.0,85600.0,55%
Architectural Design,47700.0,85400.0,60%
Textile Design,50000.0,85200.0,43%
Interpersonal & Organizational Communication,42400.0,85200.0,56%
Geographic Information Systems (GIS),50000.0,85100.0,52%
Business Management,51700.0,85000.0,51%
Linguistics,52100.0,84900.0,43%
French Language,49600.0,84800.0,47%
Communication,48000.0,84700.0,45%
Neuroscience,51800.0,84700.0,58%
Business Management & Human Resources Management (HRM),46800.0,84600.0,57%
Journalism & Mass Communication,46300.0,84600.0,44%
Accounting & Management,55500.0,84500.0,52%
Sociology & Organizational Studies,53500.0,84300.0,57%
Crop Science,48700.0,84200.0,60%
French Studies,52400.0,84200.0,57%
Writing,44200.0,84200.0,42%
Nursing,65000.0,84200.0,83%
History,47800.0,84100.0,46%
Biology,47100.0,84000.0,65%
Land Surveying,51900.0,84000.0,54%
Architectural Technology,46700.0,83900.0,61%
Health Care,44400.0,83900.0,74%
Integrated Marketing Communications,47000.0,83900.0,36%
Agriculture,47700.0,83800.0,61%
Digital Design,50000.0,83600.0,40%
Marketing & Advertising,49300.0,83600.0,44%
Organizational Communication,46400.0,83600.0,49%
Visual Effects & Motion Graphics,48100.0,83400.0,38%
Public Relations & Communication,45700.0,83300.0,47%
General & Strategic Management,51200.0,83300.0,55%
Foreign Languages,48400.0,83100.0,52%
Retail Merchandising,50900.0,83100.0,31%
Agribusiness Management,47700.0,83000.0,46%
Global Business,55800.0,83000.0,31%
Professional & Technical Writing,48500.0,83000.0,44%
Computer Art,40400.0,82900.0,31%
Environmental Management,50200.0,82900.0,62%
Environmental Studies,48500.0,82900.0,59%
Journalism,45900.0,82900.0,44%
Travel Industry Management,52600.0,82900.0,-
International Development Studies,47700.0,82800.0,64%
Natural Sciences,45100.0,82800.0,55%
Retail & Consumer Science,51800.0,82800.0,32%
Literature,46800.0,82800.0,47%
Bachelor in Science Nursing,64000.0,82700.0,81%
History & Political Science,50600.0,82700.0,50%
Museum Studies,38900.0,82700.0,50%
Computer Information Management,49400.0,82600.0,-
Dental Hygiene,72700.0,82600.0,80%
Law,54300.0,82600.0,53%
Network Technology,59800.0,82600.0,57%
Media Studies,50700.0,82400.0,38%
Environmental Geography,50200.0,82300.0,52%
Law Enforcement,46700.0,82200.0,60%
Nuclear Medicine,60300.0,81900.0,81%
Bachelor of Science in Nursing,63800.0,81900.0,83%
Computer Animation,46800.0,81800.0,36%
Landscape Architecture,51500.0,81800.0,65%
Publishing,46300.0,81800.0,39%
Interior Architecture,47600.0,81500.0,45%
Diagnostic Medical Sonography,64300.0,81400.0,86%
Environmental & Natural Resource Economics,52400.0,81400.0,65%
Public Relations (PR),45600.0,81400.0,42%
Workforce Education & Development,59900.0,81400.0,80%
American History (United States),50900.0,81300.0,52%
Drama,47400.0,81100.0,47%
Management (MGT),47000.0,81000.0,62%
Merchandising Management,46800.0,80900.0,38%
Environmental Biology,45000.0,80800.0,70%
Accounting & Business,52400.0,80700.0,48%
Automotive Technology & Service Management,48800.0,80500.0,32%
Speech Communication,46700.0,80500.0,54%
Allied Health,44800.0,80400.0,78%
Agricultural Systems Technology,60500.0,80300.0,-
Emergency Management,50900.0,80300.0,80%
Network Administration,48700.0,80300.0,56%
Communication Management,46000.0,80200.0,38%
Historic Preservation,43400.0,80000.0,-
Broadcast Journalism,42900.0,79900.0,50%
Broadcast & Cinematic Arts,42800.0,79900.0,43%
Automotive Technology,48100.0,79800.0,47%
Business Management & Administration,51400.0,79800.0,53%
Agricultural Business,52700.0,79700.0,51%
Technology Management,56400.0,79700.0,47%
Global Studies,51200.0,79600.0,46%
Professional Studies,42800.0,79600.0,62%
Interpersonal Communications,45000.0,79500.0,53%
Forestry,45900.0,79400.0,67%
Homeland Security,49200.0,79400.0,72%
Ancient History,46000.0,79300.0,-
Botany,42600.0,79300.0,73%
Geography,49700.0,79300.0,52%
Computer Aided Design (CAD),48700.0,79200.0,-
Nutrition Science,49500.0,79200.0,70%
Acting,44200.0,79100.0,50%
Public Management,50200.0,79100.0,66%
Nuclear Medicine Technology,61700.0,79000.0,82%
Apparel & Textile Manufacture,48300.0,78900.0,37%
English Language & Literature,46400.0,78900.0,44%
Urban Studies,51500.0,78900.0,57%
Mass Communication,44800.0,78800.0,44%
Forestry Management,48600.0,78700.0,71%
Radio/Television & Film Production,45700.0,78700.0,39%
Hospital Management,53200.0,78600.0,45%
Human Resources Management (HRM),47900.0,78500.0,55%
Marine Science,46100.0,78400.0,64%
American Sign Language Interpreting,43100.0,78300.0,87%
English & History,45700.0,78300.0,49%
English Language,44600.0,78300.0,45%
Cytotechnology,61900.0,78200.0,89%
Geosciences,48700.0,78200.0,62%
Hospital Administration,51200.0,78200.0,57%
Film Production,44600.0,78100.0,33%
Marine Biology,43300.0,78100.0,66%
Zoology,42100.0,77900.0,67%
Communication Design,51700.0,77800.0,34%
Leadership,47200.0,77500.0,57%
Music Technology,44800.0,77500.0,39%
Musicology,40000.0,77500.0,-
Technical Writing,53300.0,77500.0,42%
Agricultural Communication,44600.0,77400.0,52%
Logistics Management,56300.0,77400.0,49%
German Language & Literature,49400.0,77300.0,47%
Administration,44600.0,77100.0,58%
Apparel Merchandising,47600.0,77100.0,35%
Computer Aided Drafting & Design (CADD),49100.0,77100.0,52%
Organizational Leadership & Supervision,49600.0,77100.0,51%
Printing Technology,46200.0,77100.0,-
Spanish Language,47700.0,77100.0,51%
Multimedia,44700.0,77000.0,45%
Spanish Language Teacher Education,45500.0,76900.0,73%
Public Administration,46700.0,76900.0,57%
Human Nutrition,48600.0,76900.0,85%
Audio Engineering,48300.0,76800.0,39%
Graphics Technology & Management,39500.0,76800.0,38%
Physical Anthropology,52900.0,76800.0,51%
Organizational Leadership,50500.0,76700.0,58%
Environmental Health Science,53800.0,76600.0,61%
Health Sciences,44600.0,76600.0,70%
Journalism & Electronic Media,45200.0,76500.0,48%
Religious Studies,43900.0,76300.0,55%
Art History,46600.0,76200.0,45%
Radiologic Science,57600.0,76200.0,81%
3D Animation,51800.0,76000.0,42%
Culture Studies,48100.0,75900.0,40%
Merchandising,53100.0,75900.0,31%
Administrative Management,52700.0,75800.0,50%
Human Resources (HR),47300.0,75800.0,56%
Liberal Arts,44500.0,75800.0,53%
Adult Education & Training,48700.0,75600.0,79%
Fashion Merchandising,46900.0,75600.0,29%
Health & Fitness,39800.0,75600.0,67%
Natural Resources,47400.0,75500.0,64%
Organizational Management,48800.0,75500.0,57%
Modern Languages,50300.0,75400.0,53%
Natural Resource Management,46500.0,75400.0,60%
Retail Management,50100.0,75400.0,35%
Sociology & Anthropology,44500.0,75400.0,50%
Creative Writing,45300.0,75200.0,41%
Criminal Justice Administration,45700.0,75100.0,56%
Ethnic Studies,47500.0,74900.0,63%
Philosophy & Religious Studies,49300.0,74900.0,61%
Radiology,54800.0,74900.0,80%
Medical Laboratory Technology,56900.0,74400.0,82%
Sports Management,45400.0,74400.0,43%
Anthropology & English,48000.0,74300.0,-
Broadcast Communication,40000.0,74300.0,44%
Criminology,44700.0,74300.0,54%
Earth Science,50000.0,74300.0,48%
Media & Technology,45200.0,74300.0,43%
Visual Communications,45400.0,74300.0,38%
Advertising & Graphic Design,46800.0,74200.0,37%
Applied Behavior Analysis,38700.0,74200.0,81%
Psychology,44700.0,74200.0,56%
Applied Management,45500.0,74100.0,53%
Hotel & Restaurant Management,47300.0,74100.0,48%
Anthropology,46400.0,73900.0,46%
Arts Management,39400.0,73800.0,48%
Diagnostic Medical Imaging,60600.0,73800.0,73%
Communication Arts,42400.0,73600.0,39%
Middle Eastern Studies,57100.0,73600.0,48%
Radiologic Technology,55200.0,73600.0,83%
Painting & Printmaking,34700.0,73600.0,41%
Cardiopulmonary Science,48900.0,73400.0,90%
Human Relations,45000.0,73400.0,63%
Humanities,48500.0,73200.0,49%
Health Care Administration,45800.0,73100.0,69%
Health Care Management,46700.0,73000.0,72%
Life Sciences,53100.0,73000.0,64%
Ecology,46400.0,72900.0,57%
Media Arts,46500.0,72900.0,34%
Respiratory Care,54800.0,72800.0,84%
Art & Design,45100.0,72700.0,38%
Health Information Management,49000.0,72700.0,69%
Hospitality Management,46400.0,72700.0,43%
Health Teacher Education,37900.0,72600.0,46%
Sports Medicine,50100.0,72600.0,77%
Multimedia & Web Design,50200.0,72600.0,34%
Sociology,46200.0,72500.0,55%
Liberal Studies,44300.0,72400.0,56%
Interior Design,45100.0,72300.0,50%
Medical Laboratory Science,55600.0,72300.0,85%
Secondary Education,44600.0,72300.0,59%
Child Psychology,38900.0,72200.0,64%
Exercise Physiology,44100.0,72200.0,76%
Radiography,55300.0,72200.0,85%
Archaeology,45900.0,72100.0,46%
Art Administration,40200.0,72100.0,56%
Hotel & Restaurant Tourism,44300.0,72100.0,49%
Illustration,45200.0,72100.0,36%
Arts & Science,45700.0,71900.0,-
Health,44200.0,71900.0,73%
Turfgrass Management,53100.0,71900.0,51%
Animal Science & Management,44200.0,71800.0,55%
SocialStudies,45800.0,71700.0,57%
Human Resources Development,48600.0,71600.0,50%
Speech Pathology & Audiology,44100.0,71600.0,78%
Clinical Laboratory Science,55100.0,71500.0,83%
Forensic Science,46000.0,71500.0,64%
Health Administration,42700.0,71500.0,66%
Geomatics,52300.0,71400.0,70%
Media Communication,47000.0,71400.0,45%
Health Management,45100.0,71300.0,-
Commercial Photography,43800.0,71300.0,23%
Fashion Design & Marketing,45300.0,71100.0,44%
Mass Media,40300.0,71100.0,49%
Medical Technology,56500.0,71000.0,81%
Respiratory Therapy,54500.0,70900.0,82%
Theater,44600.0,70700.0,50%
Forensic Psychology,43000.0,70600.0,54%
Kinesiology,44800.0,70600.0,66%
Performing Arts,45700.0,70500.0,57%
Psychology & Social Behavior,45800.0,70500.0,59%
Religion,44400.0,70500.0,59%
Radio & Television,43100.0,70500.0,41%
Technology Teacher Education,47700.0,70400.0,57%
Educational Studies (ED),40300.0,70200.0,65%
Music,44300.0,70200.0,55%
Business Leadership,50100.0,70200.0,45%
Drafting & Design,51000.0,70100.0,69%
Plant Sciences,48000.0,70100.0,60%
Criminal Justice,42800.0,69800.0,56%
Web Design,49900.0,69800.0,25%
Graphic Design,45100.0,69700.0,37%
Nutrition,48100.0,69600.0,65%
Nutrition & Dietetics,50800.0,69600.0,72%
Missions,41300.0,69500.0,-
Dramatic Art,41400.0,69400.0,-
Fashion Marketing & Management,47700.0,69100.0,30%
Interdisciplinary Studies (IS),44600.0,68900.0,56%
Hospitality & Tourism,44200.0,68800.0,41%
Human Ecology,42100.0,68800.0,54%
Ornamental Horticulture,46000.0,68800.0,69%
Physical Therapist Assistant Studies,49900.0,68800.0,85%
Public Health (PH),46000.0,68800.0,69%
Art Therapy,41100.0,68600.0,80%
Dietetics,51300.0,68600.0,74%
Landscape Management,52300.0,68600.0,-
Applied Sociology,42200.0,68500.0,57%
Fine Arts,43200.0,68500.0,44%
Modern Language Spanish,43800.0,68500.0,52%
Women's Studies,45200.0,68500.0,59%
Social & Criminal Justice,44800.0,68500.0,59%
Animal Science,41200.0,68300.0,64%
New Media,46000.0,68300.0,33%
Textiles & Clothing,45100.0,68300.0,47%
Event Management,41700.0,68200.0,40%
Family & Consumer Science,42600.0,68000.0,59%
Speech-Language Pathology,44100.0,67900.0,70%
Technical Theatre,41000.0,67600.0,42%
Education,44100.0,67500.0,65%
Foods & Nutrition,47000.0,67500.0,68%
Recreation Management,42300.0,67500.0,58%
Business & Healthcare Management,46900.0,67300.0,69%
Agricultural Teacher Education,53500.0,67100.0,-
Music Composition,44000.0,66900.0,51%
Art,43400.0,66700.0,46%
Psychology & Sociology,42800.0,66700.0,53%
Drawing & Painting,42800.0,66600.0,48%
Nonprofit Management,42300.0,66300.0,79%
Small Business Management,47100.0,66200.0,38%
Behavioral Science,43000.0,66000.0,62%
Horticulture & Agronomy,52500.0,65900.0,-
Health Services Administration,42700.0,65800.0,63%
Multidisciplinary Studies,41800.0,65800.0,53%
Restaurant & Food Service Management,43900.0,65800.0,45%
Consumer Affairs,51000.0,65700.0,43%
Training and Development,52600.0,65600.0,-
Health & Exercise Science,41700.0,65600.0,67%
Electronic Media,45300.0,65600.0,37%
Environmental Resource Management,48700.0,65500.0,65%
Theatre Arts,43500.0,65300.0,51%
Applied Linguistics,46800.0,65200.0,44%
African American & African Studies,46400.0,65100.0,60%
Exercise & Sports Science,42600.0,65100.0,70%
General Studies,43600.0,65100.0,52%
Justice Studies,45300.0,65100.0,50%
Video Production,42800.0,65100.0,33%
Graphic Arts,42700.0,64900.0,41%
Physical Education Teaching,42200.0,64900.0,69%
Health Services Management,41600.0,64800.0,83%
Physical Education & Exercise Science,44100.0,64800.0,72%
Drawing,37400.0,64800.0,39%
Exercise Science,41400.0,64700.0,73%
Printmaking,38400.0,64300.0,40%
Sports Administration,43300.0,64300.0,47%
Theology,42800.0,64300.0,68%
Interior Design & Merchandising,43700.0,64200.0,37%
Recreation & Leisure Studies,40300.0,64200.0,60%
Human Development,43700.0,64100.0,64%
Music Industry,45800.0,64100.0,38%
Wildlife Management,39700.0,64100.0,49%
Supervision & Management,41700.0,64100.0,57%
Health & Wellness,40100.0,64000.0,70%
Culinary Arts & Food Service Management,41300.0,64000.0,50%
Mortuary Science,43500.0,64000.0,85%
Clinical Psychology,43000.0,63900.0,65%
Community Health Education,42600.0,63900.0,75%
Dance,45100.0,63900.0,62%
Speech Pathology,42800.0,63700.0,69%
Gender Studies,45500.0,63600.0,55%
Secondary English Teacher Education,42000.0,63600.0,64%
Photography,43800.0,63500.0,38%
English Teacher Education,43300.0,63100.0,57%
Paralegal Studies,39600.0,63100.0,50%
Social Studies Teacher Education,43400.0,63100.0,65%
Teaching English as a Second Language (ESL),42800.0,63000.0,73%
Music Teacher Education,42000.0,63000.0,62%
Health Promotion,42300.0,62800.0,69%
Recording Arts,44800.0,62800.0,48%
Photojournalism,41900.0,62600.0,59%
Recreation Administration,47000.0,62500.0,71%
Radio Broadcasting,46300.0,62400.0,33%
Sculpture,40300.0,62200.0,47%
Painting,40700.0,62000.0,44%
Psychology & Social Sciences,42600.0,62000.0,68%
Health & Physical Education Teaching,38700.0,61900.0,65%
Organizational Administration,45000.0,61800.0,-
Tourism Management,43100.0,61600.0,38%
Instrumental Music Teacher Education,41700.0,61600.0,65%
Emergency Medical Services (EMS),44200.0,61400.0,-
Community Health,45400.0,61300.0,72%
Health & Human Performance,38100.0,61100.0,68%
Music Therapy,43100.0,60700.0,93%
Social Services,39900.0,60500.0,82%
Rehabilitation Services,35800.0,60200.0,79%
Horticulture,43000.0,60100.0,59%
University Studies,42400.0,60000.0,49%
Church Ministries,40000.0,59900.0,79%
Communicative Disorders,47400.0,59800.0,73%
Social Science Teacher Education,45400.0,59800.0,-
Wildlife Biology,42900.0,59800.0,60%
Community Development,44600.0,59400.0,63%
Psychology & Human Services,35600.0,59400.0,-
Athletic Training,42100.0,59300.0,75%
Biblical Studies,40500.0,59000.0,72%
Biblical Studies & Practical Ministries,36400.0,58900.0,76%
Counseling Psychology,42700.0,58900.0,64%
Recreational Studies,42100.0,58900.0,69%
Teaching,42000.0,58900.0,72%
Home Economics,41800.0,58700.0,69%
Library & Information Science,48200.0,58700.0,48%
Human Development & Family Studies,40300.0,58600.0,66%
Tourism & Travel,42200.0,58600.0,43%
Landscape Design,49000.0,58500.0,63%
Ceramics,42200.0,58300.0,51%
Clinical Social Work (CSW),43500.0,58300.0,-
Parks & Recreation Management,42700.0,58300.0,56%
Pastoral Ministry,38700.0,58000.0,83%
Vocal Performance,42600.0,58000.0,65%
Art Teacher Education,40300.0,57500.0,62%
Bible Studies & Theology,40000.0,57500.0,67%
Forensic Accounting,48300.0,57200.0,48%
Communication Sciences & Disorders,43300.0,57100.0,76%
Legal Assistant Studies,38100.0,57100.0,38%
Special Education,41300.0,57000.0,76%
Conservation Biology,42800.0,56900.0,57%
Family Studies,39200.0,56800.0,68%
Christian Ministry,38100.0,56400.0,79%
Speech & Hearing,43300.0,56400.0,76%
Health and Human Services,43500.0,56300.0,65%
Musical Theatre,43500.0,56100.0,50%
History Teacher Education,47700.0,55600.0,46%
Developmental Psychology,38200.0,55000.0,-
Therapeutic Recreation,39500.0,54900.0,82%
Applied Behavioral Science,40500.0,54600.0,50%
Community & Human Services,42400.0,54600.0,80%
Social Work (SW),38600.0,54600.0,76%
Office Administration,38700.0,54500.0,65%
Ministry,36700.0,54300.0,81%
Family & Community Services,42200.0,54300.0,74%
Youth Ministry,37400.0,54200.0,76%
Elementary Education,40000.0,53800.0,69%
Voice & Opera,34500.0,53300.0,57%
Christian Education,38700.0,53200.0,82%
Conflict Resolution,44400.0,53200.0,50%
Baking & Pastry Arts,37500.0,53000.0,44%
Human Services Management,45600.0,53000.0,-
Hospitality & The Culinary Arts,38800.0,52900.0,-
Human Services (HS),38700.0,52500.0,71%
Counseling,39900.0,51700.0,78%
Recreational Therapy,38400.0,51600.0,84%
Child Development,37400.0,51400.0,73%
Educational Psychology,36900.0,51200.0,-
Middle School Education,41200.0,50800.0,73%
Mental Health Counseling,36100.0,50000.0,78%
Early Childhood & Elementary Education,38000.0,48400.0,77%
Equine Studies,35700.0,47100.0,50%
Addiction Studies,38000.0,47000.0,84%
Child & Family Studies,36400.0,46500.0,73%
Rehabilitation Counseling,39200.0,46400.0,-
Outdoor Education,37400.0,46300.0,52%
Early Childhood Education,36100.0,45400.0,78%
Mental Health,36900.0,45000.0,-
Medical Assisting,36000.0,44800.0,-
Metalsmithing,40000.0,40300.0,33%
